frame_no,timestamp,size_px-darkorange,position_px_x-darkorange,position_px_y-darkorange,rx-darkorange,ry-darkorange,vx-darkorange,vy-darkorange,ax-darkorange,ay-darkorange,size_px-green,position_px_x-green,position_px_y-green,rx-green,ry-green,vx-green,vy-green,ax-green,ay-green,size_px-hotpink,position_px_x-hotpink,position_px_y-hotpink,rx-hotpink,ry-hotpink,vx-hotpink,vy-hotpink,ax-hotpink,ay-hotpink,size_px-yellowneon,position_px_x-yellowneon,position_px_y-yellowneon,rx-yellowneon,ry-yellowneon,vx-yellowneon,vy-yellowneon,ax-yellowneon,ay-yellowneon
0,179.6,9,990,999,,,,,,,,,,,,,,,,,,,,,,,,,,,,,,,,,
1,179.6,10,832,839,,,,,,,,,,,,,,,,,,,,,,,,,,,,,,,,,
2,292.2,11,830,836,,,,,,,,,,,,,,,,,,,,,,,,,9,999,835,,,,,,
3,315.8,10,832,839,,,,,,,,,,,,,,,,,,,,,,,,,7,990,836,,,,,,
4,340.3,5,995,993,,,,,,,,,,,,,,,,,,,,,,,,,5,999,832,,,,,,
5,380.1,8,829,837,,,,,,,9,995,838,,,,,,,6,996,997,,,,,,,,,,,,,,,
6,1054.0,8,829,837,,,,,,,9,995,837,,,,,,,9,996,1001,,,,,,,,,,,,,,,
7,1171.5,8,829,837,,,,,,,9,994,837,,,,,,,8,996,1001,,,,,,,,,,,,,,,
8,1545.4,8,829,837,,,,,,,9,995,837,,,,,,,8,996,1001,,,,,,,,,,,,,,,
9,1590.7,8,829,837,,,,,,,9,994,836,,,,,,,8,996,1001,,,,,,,,,,,,,,,
10,1633.7,8,829,837,,,,,,,9,995,836,,,,,,,8,996,1001,,,,,,,,,,,,,,,
11,1756.2,8,829,837,,,,,,,9,995,838,,,,,,,8,995,1001,,,,,,,,,,,,,,,
12,1879.6,8,829,837,,,,,,,9,995,837,,,,,,,9,995,1001,,,,,,,,,,,,,,,
13,2297.0,8,829,837,,,,,,,9,994,837,,,,,,,8,995,1002,,,,,,,,,,,,,,,
14,2419.7,8,829,837,,,,,,,9,994,837,,,,,,,9,996,1001,,,,,,,,,,,,,,,
15,2464.8,8,829,837,,,,,,,9,995,838,,,,,,,8,996,1001,,,,,,,,,,,,,,,
16,2628.8,8,828,837,,,,,,,9,994,838,,,,,,,9,996,1002,,,,,,,,,,,,,,,
17,2711.4,8,829,837,,,,,,,9,995,837,,,,,,,8,996,1001,,,,,,,,,,,,,,,
18,2751.8,8,829,837,,,,,,,9,995,837,,,,,,,8,996,1000,,,,,,,,,,,,,,,
19,2795.1,8,829,837,,,,,,,9,995,837,,,,,,,8,997,1001,,,,,,,,,,,,,,,
20,2836.2,8,829,837,,,,,,,9,995,836,,,,,,,8,996,1001,,,,,,,,,,,,,,,
21,2963.8,8,829,838,,,,,,,9,995,838,,,,,,,8,996,1002,,,,,,,,,,,,,,,
22,3004.5,8,829,838,,,,,,,9,995,838,,,,,,,9,996,1002,,,,,,,,,,,,,,,
23,3044.0,8,829,838,,,,,,,9,994,837,,,,,,,8,996,1001,,,,,,,,,,,,,,,
24,3127.7,8,829,837,,,,,,,9,994,837,,,,,,,8,995,1001,,,,,,,,,,,,,,,
25,3171.5,8,829,838,,,,,,,9,994,838,,,,,,,9,996,1001,,,,,,,,,,,,,,,
26,3211.1,8,829,838,,,,,,,9,994,837,,,,,,,9,996,1002,,,,,,,,,,,,,,,
27,3504.1,,,,,,,,,,6,945,815,,,,,,,,,,,,,,,,,,,,,,,,
29,3920.9,6,630,675,,,,,,,,,,,,,,,,,,,,,,,,,,,,,,,,,
30,4044.5,6,590,653,,,,,,,,,,,,,,,,,,,,,,,,,,,,,,,,,
31,4212.2,7,539,633,,,,,,,,,,,,,,,,,,,,,,,,,,,,,,,,,
32,4335.5,7,498,623,,,,,,,,,,,,,,,,,,,,,,,,,,,,,,,,,
33,4756.1,6,349,621,,,,,,,,,,,,,,,,,,,,,,,,,,,,,,,,,
34,4796.5,6,332,622,,,,,,,,,,,,,,,,,,,,,,,,,,,,,,,,,
35,4835.7,6,314,624,,,,,,,,,,,,,,,,,,,,,,,,,,,,,,,,,
36,5088.1,8,238,629,,,,,,,9,116,742,,,,,,,9,5,623,,,,,,,,,,,,,,,
37,5128.9,8,241,628,,,,,,,9,119,742,,,,,,,9,7,623,,,,,,,,,,,,,,,
38,5211.3,8,247,625,,,,,,,9,127,742,,,,,,,9,13,625,,,,,,,,,,,,,,,
39,5294.9,8,252,622,,,,,,,9,135,740,,,,,,,9,19,626,,,,,,,,,,,,,,,
40,5335.4,8,255,620,,,,,,,9,139,740,,,,,,,9,21,627,,,,,,,,,,,,,,,
41,5628.8,8,272,611,,,,,,,9,164,738,,,,,,,9,39,633,,,,,,,,,,,,,,,
42,5752.1,8,279,608,,,,,,,9,174,738,,,,,,,9,47,637,,,,,,,,,,,,,,,
43,5835.2,8,283,606,,,,,,,9,181,737,,,,,,,9,52,638,,,,,,,,,,,,,,,
44,5919.5,8,287,604,,,,,,,9,188,737,,,,,,,9,56,641,,,,,,,,,,,,,,,
45,6003.0,8,291,602,,,,,,,9,195,737,,,,,,,9,61,643,,,,,,,,,,,,,,,
46,6043.6,8,293,602,,,,,,,9,198,738,,,,,,,9,64,645,,,,,,,,,,,,,,,
47,6212.2,8,300,598,,,,,,,9,211,737,,,,,,,9,73,650,,,,,,,,,,,,,,,
48,6255.6,8,302,597,,,,,,,9,215,738,,,,,,,9,75,651,,,,,,,,,,,,,,,
49,6668.6,8,319,594,,,,,,,9,245,742,,,,,,,9,98,669,,,,,,,,,,,,,,,
50,6751.2,8,322,594,,,,,,,9,251,742,,,,,,,9,103,672,,,,,,,,,,,,,,,
51,6835.4,8,325,594,,,,,,,9,257,744,,,,,,,9,108,677,,,,,,,,,,,,,,,
52,7252.5,8,341,599,,,,,,,9,287,754,,,,,,,9,132,701,,,,,,,,,,,,,,,
53,7375.4,8,345,601,,,,,,,9,295,758,,,,,,,9,138,709,,,,,,,,,,,,,,,
54,7584.7,8,352,607,,,,,,,9,309,766,,,,,,,9,151,725,,,,,,,,,,,,,,,
55,7711.5,8,357,611,,,,,,,9,318,772,,,,,,,9,159,734,,,,,,,,,,,,,,,
56,7835.1,8,361,617,,,,,,,9,326,778,,,,,,,9,166,745,,,,,,,,,,,,,,,
57,8084.5,8,372,630,,,,,,,9,343,792,,,,,,,,,,,,,,,,,,,,,,,,
64,9168.6,6,988,279,,,,,,,,,,,,,,,,5,803,415,,,,,,,,,,,,,,,
65,9251.5,8,983,248,,,,,,,9,989,411,,,,,,,7,827,418,,,,,,,,,,,,,,,
66,9291.4,8,983,246,,,,,,,9,985,409,,,,,,,7,822,410,,,,,,,,,,,,,,,
67,9500.5,8,987,242,,,,,,,9,959,403,,,,,,,7,799,376,,,,,,,,,,,,,,,
68,9547.5,8,987,242,,,,,,,9,954,402,,,,,,,7,795,369,,,,,,,,,,,,,,,
69,9752.3,8,984,238,,,,,,,9,931,393,,,,,,,8,778,341,,,,,,,,,,,,,,,
70,10044.4,8,982,237,,,,,,,8,903,382,,,,,,,8,761,305,,,,,,,,,,,,,,,
71,10376.3,8,981,243,,,,,,,9,877,370,,,,,,,8,752,268,,,,,,,,,,,,,,,
72,10792.5,8,984,257,,,,,,,9,854,357,,,,,,,8,756,230,,,,,,,,,,,,,,,
73,10835.4,8,984,257,,,,,,,9,852,356,,,,,,,8,757,227,,,,,,,,,,,,,,,
74,10883.4,8,984,258,,,,,,,9,850,355,,,,,,,8,757,224,,,,,,,,,,,,,,,
75,11084.3,8,985,265,,,,,,,9,842,348,,,,,,,8,762,209,,,,,,,,,,,,,,,
76,11167.6,8,985,268,,,,,,,9,840,346,,,,,,,8,765,204,,,,,,,,,,,,,,,
77,11544.1,8,987,282,,,,,,,9,832,336,,,,,,,8,781,183,,,,,,,,,,,,,,,
78,11593.2,8,987,284,,,,,,,9,831,335,,,,,,,8,783,182,,,,,,,,,,,,,,,
79,11627.4,8,988,285,,,,,,,9,830,334,,,,,,,8,785,179,,,,,,,,,,,,,,,
80,11751.1,8,989,292,,,,,,,9,828,331,,,,,,,8,792,174,,,,,,,,,,,,,,,
81,11915.6,8,990,301,,,,,,,9,827,328,,,,,,,8,803,168,,,,,,,,,,,,,,,
82,12208.4,8,992,318,,,,,,,9,827,322,,,,,,,8,826,160,,,,,,,,,,,,,,,
83,12255.0,8,992,320,,,,,,,9,827,322,,,,,,,8,828,160,,,,,,,,,,,,,,,
84,12416.6,9,990,321,,,,,,,9,826,327,,,,,,,8,823,165,,,,,,,,,,,,,,,
85,12792.2,8,991,331,,,,,,,9,827,342,,,,,,,8,818,181,,,,,,,,,,,,,,,
86,12832.5,8,991,333,,,,,,,9,827,345,,,,,,,8,818,183,,,,,,,,,,,,,,,
87,12959.5,8,991,339,,,,,,,9,826,350,,,,,,,8,819,188,,,,,,,,,,,,,,,
88,13083.6,8,991,346,,,,,,,9,826,356,,,,,,,8,821,195,,,,,,,,,,,,,,,
89,13252.0,8,992,358,,,,,,,9,827,364,,,,,,,8,824,203,,,,,,,,,,,,,,,
90,13375.1,8,992,368,,,,,,,8,827,371,,,,,,,8,828,209,,,,,,,,,,,,,,,
91,13668.2,8,991,387,,,,,,,9,827,393,,,,,,,8,823,231,,,,,,,,,,,,,,,
92,13791.2,8,991,396,,,,,,,9,826,403,,,,,,,8,822,242,,,,,,,,,,,,,,,
93,13875.2,8,992,403,,,,,,,9,827,411,,,,,,,8,822,250,,,,,,,,,,,,,,,
94,14040.7,8,992,419,,,,,,,9,827,426,,,,,,,8,823,265,,,,,,,,,,,,,,,
95,14123.2,8,992,429,,,,,,,9,827,433,,,,,,,8,825,272,,,,,,,,,,,,,,,
96,14712.6,8,993,496,,,,,,,9,827,500,,,,,,,7,825,339,,,,,,,,,,,,,,,
97,14749.5,8,993,501,,,,,,,9,827,505,,,,,,,8,825,344,,,,,,,,,,,,,,,
98,14876.3,8,993,519,,,,,,,9,828,521,,,,,,,8,827,360,,,,,,,,,,,,,,,
99,14955.4,8,994,531,,,,,,,8,827,531,,,,,,,7,828,371,,,,,,,,,,,,,,,
100,15248.8,7,993,573,,,,,,,8,827,575,,,,,,,7,826,415,,,,,,,,,,,,,,,
101,15331.2,8,993,587,,,,,,,8,827,589,,,,,,,7,827,427,,,,,,,,,,,,,,,
102,15500.2,7,994,615,,,,,,,8,828,616,,,,,,,7,827,455,,,,,,,,,,,,,,,
103,15623.2,7,994,637,,,,,,,8,828,639,,,,,,,7,826,477,,,,,,,,,,,,,,,
104,15665.6,7,994,644,,,,,,,8,828,646,,,,,,,7,826,485,,,,,,,,,,,,,,,
105,15876.6,7,995,684,,,,,,,8,829,684,,,,,,,7,827,523,,,,,,,,,,,,,,,
106,15955.7,7,995,702,,,,,,,8,829,701,,,,,,,7,828,539,,,,,,,,,,,,,,,
107,16083.9,7,994,727,,,,,,,8,829,728,,,,,,,6,827,565,,,,,,,,,,,,,,,
108,16124.6,7,995,736,,,,,,,8,829,737,,,,,,,6,827,574,,,,,,,,,,,,,,,
109,16164.1,7,995,745,,,,,,,9,829,746,,,,,,,5,827,583,,,,,,,,,,,,,,,
110,16417.1,7,996,802,,,,,,,9,829,802,,,,,,,,,,,,,,,,,,,,,,,,
111,16457.7,7,996,813,,,,,,,8,830,812,,,,,,,,,,,,,,,,,,,,,,,,
112,16583.4,7,996,844,,,,,,,8,830,844,,,,,,,,,,,,,,,,,,,,,,,,
113,16663.7,7,996,866,,,,,,,8,831,867,,,,,,,,,,,,,,,,,,,,,,,,
114,16792.2,7,996,900,,,,,,,8,832,901,,,,,,,,,,,,,,,,,,,,,,,,
115,16834.1,7,997,911,,,,,,,8,832,912,,,,,,,,,,,,,,,,,,,,,,,,
116,16956.0,7,996,948,,,,,,,8,832,948,,,,,,,,,,,,,,,,,,,,,,,,
117,17039.2,7,997,973,,,,,,,9,832,973,,,,,,,,,,,,,,,,,,,,,,,,
118,17083.1,7,997,986,,,,,,,9,832,986,,,,,,,,,,,,,,,,,,,,,,,,
119,17208.0,8,996,993,,,,,,,9,832,1004,,,,,,,7,823,839,,,,,,,,,,,,,,,
120,17331.5,8,995,977,,,,,,,9,832,1001,,,,,,,7,808,838,,,,,,,,,,,,,,,
121,17455.4,8,993,962,,,,,,,8,834,1000,,,,,,,7,796,839,,,,,,,,,,,,,,,
122,17579.4,8,992,950,,,,,,,9,835,1000,,,,,,,7,786,842,,,,,,,,,,,,,,,
123,18252.8,8,991,932,,,,,,,9,840,999,,,,,,,7,773,848,,,,,,,,,,,,,,,
124,18416.0,8,991,938,,,,,,,9,839,1000,,,,,,,7,778,846,,,,,,,,,,,,,,,
125,18499.1,8,991,941,,,,,,,9,838,1000,,,,,,,7,780,845,,,,,,,,,,,,,,,
126,18579.5,8,992,946,,,,,,,9,837,1000,,,,,,,7,783,844,,,,,,,,,,,,,,,
127,18623.6,8,992,949,,,,,,,9,836,1001,,,,,,,7,785,843,,,,,,,,,,,,,,,
128,18747.7,8,993,958,,,,,,,9,834,1001,,,,,,,7,791,841,,,,,,,,,,,,,,,
129,18789.0,8,993,962,,,,,,,8,834,1002,,,,,,,7,794,841,,,,,,,,,,,,,,,
130,19208.5,8,996,1004,,,,,,,9,832,1004,,,,,,,7,831,839,,,,,,,,,,,,,,,
131,19247.9,8,993,1002,,,,,,,8,829,1001,,,,,,,7,830,836,,,,,,,,,,,,,,,
132,19287.8,8,990,1002,,,,,,,9,827,999,,,,,,,7,829,834,,,,,,,,,,,,,,,
133,19371.7,8,985,1001,,,,,,,9,822,994,,,,,,,7,828,830,,,,,,,,,,,,,,,
134,19499.4,8,980,1002,,,,,,,9,816,991,,,,,,,7,828,827,,,,,,,,,,,,,,,
135,19747.9,8,980,1002,,,,,,,9,816,991,,,,,,,7,828,827,,,,,,,,,,,,,,,
136,19831.3,8,982,1003,,,,,,,9,818,993,,,,,,,7,828,829,,,,,,,,,,,,,,,
137,19871.7,8,984,1003,,,,,,,9,820,995,,,,,,,7,828,830,,,,,,,,,,,,,,,
138,19955.2,8,987,1003,,,,,,,9,823,998,,,,,,,7,828,833,,,,,,,,,,,,,,,
139,20248.4,8,996,1001,,,,,,,9,832,1003,,,,,,,7,829,839,,,,,,,,,,,,,,,
140,20331.2,8,995,1001,,,,,,,9,830,1003,,,,,,,7,829,838,,,,,,,,,,,,,,,
141,20371.7,8,995,1001,,,,,,,9,830,1003,,,,,,,8,828,838,,,,,,,,,,,,,,,
142,20496.4,8,996,1004,,,,,,,9,832,1005,,,,,,,7,829,840,,,,,,,,,,,,,,,
143,20579.4,8,996,1003,,,,,,,9,831,1003,,,,,,,7,831,838,,,,,,,,,,,,,,,
144,20663.3,8,997,1002,,,,,,,9,833,1003,,,,,,,7,831,838,,,,,,,,,,,,,,,
145,20747.7,8,997,1001,,,,,,,9,834,1004,,,,,,,7,830,839,,,,,,,,,,,,,,,
146,20831.2,8,997,1001,,,,,,,9,833,1005,,,,,,,7,829,840,,,,,,,,,,,,,,,
147,20871.6,8,997,1003,,,,,,,9,832,1005,,,,,,,7,829,840,,,,,,,,,,,,,,,
148,20955.2,8,996,1004,,,,,,,9,832,1005,,,,,,,7,831,839,,,,,,,,,,,,,,,
149,21080.4,8,998,1004,,,,,,,9,832,1004,,,,,,,7,831,839,,,,,,,,,,,,,,,
150,21163.4,8,996,1003,,,,,,,9,832,1004,,,,,,,7,831,839,,,,,,,,,,,,,,,
151,21204.3,8,994,1003,,,,,,,8,829,1005,,,,,,,7,828,840,,,,,,,,,,,,,,,
152,21287.3,7,981,1003,,,,,,,7,817,1001,,,,,,,6,820,837,,,,,,,,,,,,,,,
157,21787.3,,,,,,,,,,6,878,591,,,,,,,,,,,,,,,,,,,,,,,,
158,21871.3,,,,,,,,,,7,887,611,,,,,,,,,,,,,,,,,,,,,,,,
159,21996.7,6,848,472,,,,,,,,,,,,,,,,,,,,,,,,,,,,,,,,,
160,22079.5,7,858,494,,,,,,,,,,,,,,,,,,,,,,,,,,,,,,,,,
163,22497.3,,,,,,,,,,,,,,,,,,,6,806,266,,,,,,,,,,,,,,,
164,22540.8,,,,,,,,,,,,,,,,,,,5,795,279,,,,,,,,,,,,,,,
166,22747.9,8,657,52,,,,,,,7,771,169,,,,,,,,,,,,,,,,,,,,,,,,
167,22787.7,8,652,58,,,,,,,7,757,184,,,,,,,,,,,,,,,,,,,,,,,,
168,22831.6,8,648,65,,,,,,,6,743,199,,,,,,,,,,,,,,,,,,,,,,,,
169,22872.4,8,643,73,,,,,,,6,727,213,,,,,,,,,,,,,,,,,,,,,,,,
170,23120.9,7,611,132,,,,,,,5,625,297,,,,,,,,,,,,,,,,,,,,,,,,
171,23247.1,7,590,169,,,,,,,5,566,333,,,,,,,5,409,307,,,,,,,,,,,,,,,
172,23497.2,6,533,250,,,,,,,6,442,385,,,,,,,7,310,292,,,,,,,,,,,,,,,
173,23664.0,6,483,306,,,,,,,5,357,408,,,,,,,7,257,279,,,,,,,,,,,,,,,
174,23707.3,6,468,320,,,,,,,6,334,413,,,,,,,8,246,276,,,,,,,,,,,,,,,
175,24040.3,5,332,420,,,,,,,8,169,418,,,,,,,8,171,256,,,,,,,,,,,,,,,
176,24163.3,5,272,451,,,,,,,7,113,413,,,,,,,8,151,256,,,,,,,,,,,,,,,
177,24204.1,5,251,459,,,,,,,8,95,410,,,,,,,8,145,256,,,,,,,,,,,,,,,
178,24755.3,8,121,538,,,,,,,9,32,401,,,,,,,7,171,314,,,,,,,,,,,,,,,
179,24827.5,8,120,547,,,,,,,9,42,403,,,,,,,8,186,328,,,,,,,,,,,,,,,
180,24871.3,8,120,552,,,,,,,9,47,405,,,,,,,7,194,334,,,,,,,,,,,,,,,
181,24912.8,8,120,556,,,,,,,9,52,407,,,,,,,8,202,342,,,,,,,,,,,,,,,
182,24995.4,8,119,564,,,,,,,9,62,411,,,,,,,8,216,356,,,,,,,,,,,,,,,
183,25164.2,8,117,579,,,,,,,9,83,418,,,,,,,7,243,386,,,,,,,,,,,,,,,
184,25328.8,8,116,591,,,,,,,9,106,428,,,,,,,7,269,418,,,,,,,,,,,,,,,
185,25536.6,8,116,604,,,,,,,8,135,442,,,,,,,7,298,460,,,,,,,,,,,,,,,
186,25619.4,8,117,610,,,,,,,8,147,448,,,,,,,7,308,478,,,,,,,,,,,,,,,
187,25873.1,8,122,623,,,,,,,9,186,472,,,,,,,7,337,533,,,,,,,,,,,,,,,
188,26080.3,8,130,634,,,,,,,8,221,496,,,,,,,7,357,582,,,,,,,,,,,,,,,
189,26163.2,8,134,639,,,,,,,9,235,506,,,,,,,7,364,602,,,,,,,,,,,,,,,
190,26204.0,8,137,641,,,,,,,9,242,513,,,,,,,7,367,612,,,,,,,,,,,,,,,
191,26580.2,8,165,665,,,,,,,8,305,574,,,,,,,7,392,708,,,,,,,,,,,,,,,
192,26630.0,8,169,668,,,,,,,8,312,581,,,,,,,7,395,719,,,,,,,,,,,,,,,
193,26703.3,8,178,674,,,,,,,9,326,598,,,,,,,7,399,741,,,,,,,,,,,,,,,
194,26828.5,8,192,685,,,,,,,9,347,624,,,,,,,7,404,775,,,,,,,,,,,,,,,
195,26872.0,8,197,690,,,,,,,8,354,634,,,,,,,7,406,787,,,,,,,,,,,,,,,
196,26951.4,8,208,698,,,,,,,9,368,653,,,,,,,7,409,810,,,,,,,,,,,,,,,
197,27036.7,8,219,707,,,,,,,8,382,672,,,,,,,6,412,833,,,,,,,,,,,,,,,
198,27079.7,8,225,712,,,,,,,9,389,684,,,,,,,7,413,845,,,,,,,,,,,,,,,
199,27203.4,8,244,728,,,,,,,8,409,717,,,,,,,6,417,881,,,,,,,,,,,,,,,
200,27496.6,8,294,775,,,,,,,8,457,802,,,,,,,6,426,966,,,,,,,,,,,,,,,
201,28040.2,8,312,822,,,,,,,9,476,807,,,,,,,7,488,972,,,,,,,,,,,,,,,
202,28159.6,8,315,836,,,,,,,9,477,804,,,,,,,8,505,967,,,,,,,,,,,,,,,
203,28203.6,8,318,837,,,,,,,8,480,804,,,,,,,8,508,967,,,,,,,,,,,,,,,
204,28287.3,8,326,832,,,,,,,9,489,804,,,,,,,8,513,968,,,,,,,,,,,,,,,
205,28452.6,8,344,824,,,,,,,8,508,807,,,,,,,8,522,973,,,,,,,,,,,,,,,
206,28957.9,8,410,823,,,,,,,9,573,833,,,,,,,8,563,999,,,,,,,,,,,,,,,
207,29035.7,8,418,825,,,,,,,9,581,831,,,,,,,8,575,997,,,,,,,,,,,,,,,
208,29079.5,8,422,826,,,,,,,9,585,830,,,,,,,8,580,996,,,,,,,,,,,,,,,
209,29159.5,8,430,829,,,,,,,8,594,829,,,,,,,8,593,995,,,,,,,,,,,,,,,
210,29203.7,8,434,830,,,,,,,9,598,829,,,,,,,8,599,995,,,,,,,,,,,,,,,
211,29328.1,8,448,836,,,,,,,9,612,830,,,,,,,8,617,997,,,,,,,,,,,,,,,
212,29496.1,8,474,832,,,,,,,8,637,834,,,,,,,8,636,1001,,,,,,,,,,,,,,,
213,29537.1,8,479,831,,,,,,,8,643,834,,,,,,,7,641,1000,,,,,,,,,,,,,,,
214,29659.6,8,496,831,,,,,,,9,660,833,,,,,,,7,658,1000,,,,,,,,,,,,,,,
215,29705.7,8,502,831,,,,,,,9,666,833,,,,,,,7,664,1000,,,,,,,,,,,,,,,
216,29868.3,8,526,834,,,,,,,9,690,835,,,,,,,8,691,1002,,,,,,,,,,,,,,,
217,29916.2,8,532,835,,,,,,,9,696,835,,,,,,,7,697,1001,,,,,,,,,,,,,,,
218,30120.4,8,567,833,,,,,,,9,730,835,,,,,,,7,730,1002,,,,,,,,,,,,,,,
219,30368.6,8,610,834,,,,,,,9,774,836,,,,,,,7,774,1002,,,,,,,,,,,,,,,
220,30415.4,8,617,834,,,,,,,9,782,836,,,,,,,7,782,1002,,,,,,,,,,,,,,,
221,30620.0,7,657,836,,,,,,,9,822,836,,,,,,,7,823,1002,,,,,,,,,,,,,,,
222,30661.9,7,666,835,,,,,,,9,830,836,,,,,,,7,831,1002,,,,,,,,,,,,,,,
223,30705.7,7,675,835,,,,,,,9,840,836,,,,,,,7,840,1002,,,,,,,,,,,,,,,
224,30745.5,8,684,835,,,,,,,9,849,837,,,,,,,7,849,1002,,,,,,,,,,,,,,,
225,31997.2,8,817,837,,,,,,,10,983,838,,,,,,,8,982,1002,,,,,,,,,,,,,,,
226,32581.0,8,828,836,,,,,,,9,993,836,,,,,,,8,993,1000,,,,,,,,,,,,,,,
227,32659.9,8,828,836,,,,,,,9,993,837,,,,,,,8,993,1002,,,,,,,,,,,,,,,
228,32783.6,8,828,838,,,,,,,9,993,838,,,,,,,8,994,1002,,,,,,,,,,,,,,,
229,32911.2,8,828,837,,,,,,,9,994,837,,,,,,,8,996,1000,,,,,,,,,,,,,,,
230,33035.8,8,829,836,,,,,,,9,995,836,,,,,,,8,995,1001,,,,,,,,,,,,,,,
231,33119.3,8,830,836,,,,,,,9,995,838,,,,,,,8,995,1002,,,,,,,,,,,,,,,
232,33284.1,8,830,837,,,,,,,,,,,,,,,,8,996,1002,,,,,,,,,,,,,,,
233,33451.8,8,827,838,,,,,,,,,,,,,,,,8,992,1001,,,,,,,,,,,,,,,
234,33868.7,7,812,704,,,,,,,,,,,,,,,,,,,,,,,,,,,,,,,,,
235,34200.7,7,788,687,,,,,,,,,,,,,,,,,,,,,,,,,,,,,,,,,
236,34327.7,5,750,701,,,,,,,,,,,,,,,,,,,,,,,,,,,,,,,,,
238,34616.7,,,,,,,,,,,,,,,,,,,6,500,505,,,,,,,,,,,,,,,
239,34659.7,,,,,,,,,,,,,,,,,,,6,502,490,,,,,,,,,,,,,,,
240,34699.8,,,,,,,,,,,,,,,,,,,6,505,476,,,,,,,,,,,,,,,
241,34827.7,,,,,,,,,,,,,,,,,,,8,515,449,,,,,,,,,,,,,,,
242,35244.3,,,,,,,,,,8,376,346,,,,,,,6,478,469,,,,,,,,,,,,,,,
243,35285.8,,,,,,,,,,9,379,338,,,,,,,6,464,474,,,,,,,,,,,,,,,
244,35452.5,5,224,332,,,,,,,9,388,329,,,,,,,,,,,,,,,,,,,,,,,,
245,35824.8,8,247,217,,,,,,,7,306,372,,,,,,,,,,,,,,,,,,,,,,,,
246,35951.4,8,250,215,,,,,,,,,,,,,,,,,,,,,,,,,,,,,,,,,
247,36160.3,8,234,222,,,,,,,9,149,360,,,,,,,9,11,273,,,,,,,,,,,,,,,
248,36209.5,8,238,213,,,,,,,8,158,354,,,,,,,8,16,273,,,,,,,,,,,,,,,
249,36283.4,8,245,197,,,,,,,8,174,343,,,,,,,9,28,270,,,,,,,,,,,,,,,
250,36409.0,8,255,172,,,,,,,8,199,324,,,,,,,8,46,267,,,,,,,,,,,,,,,
251,36491.5,8,260,155,,,,,,,9,215,311,,,,,,,9,59,263,,,,,,,,,,,,,,,
252,36700.7,8,270,113,,,,,,,8,252,275,,,,,,,8,91,253,,,,,,,,,,,,,,,
253,36826.8,8,275,87,,,,,,,8,274,250,,,,,,,8,111,244,,,,,,,,,,,,,,,
254,36907.5,8,278,70,,,,,,,9,287,233,,,,,,,8,124,238,,,,,,,,,,,,,,,
255,37032.6,8,281,45,,,,,,,8,306,205,,,,,,,8,145,227,,,,,,,,,,,,,,,
256,37079.4,8,282,40,,,,,,,9,309,201,,,,,,,9,149,224,,,,,,,,,,,,,,,
257,37199.6,8,294,47,,,,,,,9,309,210,,,,,,,9,147,222,,,,,,,,,,,,,,,
258,37240.3,8,297,49,,,,,,,9,309,213,,,,,,,8,147,221,,,,,,,,,,,,,,,
259,37408.7,8,311,58,,,,,,,9,308,221,,,,,,,9,145,214,,,,,,,,,,,,,,,
260,37576.2,8,323,65,,,,,,,9,305,227,,,,,,,9,144,205,,,,,,,,,,,,,,,
261,37659.3,8,329,68,,,,,,,8,303,229,,,,,,,9,143,201,,,,,,,,,,,,,,,
262,37823.8,8,331,69,,,,,,,9,305,231,,,,,,,8,146,202,,,,,,,,,,,,,,,
263,37947.5,8,330,68,,,,,,,9,309,230,,,,,,,9,148,205,,,,,,,,,,,,,,,
264,38031.6,8,329,67,,,,,,,9,310,229,,,,,,,9,150,207,,,,,,,,,,,,,,,
265,38160.1,8,328,64,,,,,,,9,313,226,,,,,,,9,151,208,,,,,,,,,,,,,,,
266,38199.8,8,327,62,,,,,,,9,313,225,,,,,,,9,152,207,,,,,,,,,,,,,,,
267,38239.9,8,326,61,,,,,,,9,313,223,,,,,,,9,152,208,,,,,,,,,,,,,,,
268,38283.9,8,325,59,,,,,,,9,314,222,,,,,,,9,152,208,,,,,,,,,,,,,,,
269,38323.6,8,324,58,,,,,,,9,314,220,,,,,,,9,153,207,,,,,,,,,,,,,,,
270,38492.2,8,321,49,,,,,,,9,316,212,,,,,,,8,154,205,,,,,,,,,,,,,,,
271,38532.7,8,319,47,,,,,,,9,316,210,,,,,,,9,154,203,,,,,,,,,,,,,,,
272,38659.7,8,316,39,,,,,,,9,317,202,,,,,,,9,154,200,,,,,,,,,,,,,,,
273,38703.5,8,316,37,,,,,,,9,316,200,,,,,,,9,154,198,,,,,,,,,,,,,,,
274,38949.0,8,311,39,,,,,,,9,315,203,,,,,,,8,153,204,,,,,,,,,,,,,,,
275,39116.6,8,306,39,,,,,,,9,313,202,,,,,,,8,151,205,,,,,,,,,,,,,,,
276,39408.4,8,301,38,,,,,,,9,305,201,,,,,,,8,142,202,,,,,,,,,,,,,,,
277,39448.9,8,300,38,,,,,,,9,303,201,,,,,,,9,141,201,,,,,,,,,,,,,,,
278,39575.8,8,299,37,,,,,,,9,299,200,,,,,,,8,137,198,,,,,,,,,,,,,,,
279,39655.6,8,295,37,,,,,,,9,298,200,,,,,,,9,136,199,,,,,,,,,,,,,,,
280,39699.6,8,294,37,,,,,,,9,298,200,,,,,,,9,135,200,,,,,,,,,,,,,,,
281,39739.6,8,293,37,,,,,,,9,296,200,,,,,,,9,135,200,,,,,,,,,,,,,,,
282,39908.4,8,288,37,,,,,,,9,292,200,,,,,,,9,130,202,,,,,,,,,,,,,,,
283,40116.6,8,282,37,,,,,,,9,286,200,,,,,,,9,124,201,,,,,,,,,,,,,,,
284,40284.3,8,278,36,,,,,,,9,279,200,,,,,,,8,116,198,,,,,,,,,,,,,,,
285,40869.2,8,256,38,,,,,,,9,255,200,,,,,,,8,93,197,,,,,,,,,,,,,,,
286,40947.5,8,252,38,,,,,,,9,251,201,,,,,,,8,90,198,,,,,,,,,,,,,,,
287,41116.4,8,244,38,,,,,,,9,245,201,,,,,,,9,82,199,,,,,,,,,,,,,,,
288,41364.7,8,233,37,,,,,,,9,234,200,,,,,,,9,72,199,,,,,,,,,,,,,,,
289,41616.4,8,223,36,,,,,,,9,224,199,,,,,,,8,62,197,,,,,,,,,,,,,,,
290,41656.4,8,222,37,,,,,,,9,223,200,,,,,,,9,61,198,,,,,,,,,,,,,,,
291,41739.5,8,220,37,,,,,,,9,220,200,,,,,,,8,58,198,,,,,,,,,,,,,,,
292,41823.4,8,216,37,,,,,,,9,217,200,,,,,,,8,55,198,,,,,,,,,,,,,,,
293,41907.4,8,213,36,,,,,,,9,215,199,,,,,,,9,52,198,,,,,,,,,,,,,,,
294,41991.5,8,211,37,,,,,,,9,212,199,,,,,,,9,50,198,,,,,,,,,,,,,,,
295,42115.3,8,207,37,,,,,,,9,208,199,,,,,,,8,46,198,,,,,,,,,,,,,,,
296,42155.7,8,205,36,,,,,,,9,207,199,,,,,,,9,45,198,,,,,,,,,,,,,,,
297,42199.6,8,204,36,,,,,,,9,206,199,,,,,,,9,44,199,,,,,,,,,,,,,,,
298,42323.9,8,202,36,,,,,,,9,203,199,,,,,,,9,40,198,,,,,,,,,,,,,,,
299,42616.5,8,196,37,,,,,,,9,196,199,,,,,,,9,34,197,,,,,,,,,,,,,,,
300,42699.5,8,194,37,,,,,,,9,195,199,,,,,,,8,33,199,,,,,,,,,,,,,,,
301,42824.5,8,192,36,,,,,,,9,193,199,,,,,,,9,32,199,,,,,,,,,,,,,,,
302,43032.5,8,192,37,,,,,,,9,193,198,,,,,,,8,31,198,,,,,,,,,,,,,,,
303,43240.5,8,192,36,,,,,,,9,193,198,,,,,,,9,31,198,,,,,,,,,,,,,,,
304,43281.4,8,192,36,,,,,,,9,194,198,,,,,,,9,32,199,,,,,,,,,,,,,,,
305,43488.8,8,193,36,,,,,,,9,196,199,,,,,,,9,33,199,,,,,,,,,,,,,,,
306,43656.6,8,194,37,,,,,,,9,197,198,,,,,,,9,35,200,,,,,,,,,,,,,,,
307,43700.1,8,194,36,,,,,,,9,198,198,,,,,,,9,36,200,,,,,,,,,,,,,,,
308,43779.5,8,195,36,,,,,,,9,199,199,,,,,,,9,37,201,,,,,,,,,,,,,,,
309,43823.4,8,196,37,,,,,,,9,199,198,,,,,,,9,37,200,,,,,,,,,,,,,,,
310,43907.3,8,196,37,,,,,,,9,200,199,,,,,,,9,38,201,,,,,,,,,,,,,,,
311,44116.5,8,198,36,,,,,,,9,203,198,,,,,,,9,40,201,,,,,,,,,,,,,,,
312,44239.8,8,199,36,,,,,,,9,204,199,,,,,,,8,42,201,,,,,,,,,,,,,,,
313,44572.7,8,201,36,,,,,,,9,205,198,,,,,,,8,43,201,,,,,,,,,,,,,,,
314,44655.5,8,201,36,,,,,,,9,206,199,,,,,,,9,43,201,,,,,,,,,,,,,,,
315,44779.6,8,201,36,,,,,,,9,205,199,,,,,,,9,43,200,,,,,,,,,,,,,,,
316,44863.6,8,201,36,,,,,,,9,205,199,,,,,,,9,43,201,,,,,,,,,,,,,,,
317,44903.7,8,201,36,,,,,,,9,205,200,,,,,,,9,43,201,,,,,,,,,,,,,,,
318,45072.8,8,201,36,,,,,,,9,204,199,,,,,,,9,43,201,,,,,,,,,,,,,,,
319,45404.6,8,199,36,,,,,,,9,203,198,,,,,,,8,41,200,,,,,,,,,,,,,,,
320,45993.3,8,198,36,,,,,,,9,200,198,,,,,,,9,38,198,,,,,,,,,,,,,,,
321,46033.3,8,198,36,,,,,,,9,200,198,,,,,,,9,38,199,,,,,,,,,,,,,,,
322,46364.5,8,198,36,,,,,,,9,199,198,,,,,,,8,37,199,,,,,,,,,,,,,,,
323,46531.6,8,198,36,,,,,,,9,200,198,,,,,,,9,37,198,,,,,,,,,,,,,,,
324,47038.7,8,198,36,,,,,,,9,200,198,,,,,,,9,39,199,,,,,,,,,,,,,,,
325,47155.5,8,198,36,,,,,,,9,201,198,,,,,,,9,38,199,,,,,,,,,,,,,,,
326,47280.7,8,198,36,,,,,,,9,201,198,,,,,,,8,39,199,,,,,,,,,,,,,,,
327,47331.6,8,198,36,,,,,,,9,201,198,,,,,,,9,38,199,,,,,,,,,,,,,,,
328,47447.9,8,198,36,,,,,,,9,201,199,,,,,,,8,39,199,,,,,,,,,,,,,,,
329,47488.0,8,198,36,,,,,,,9,200,198,,,,,,,8,39,199,,,,,,,,,,,,,,,
330,47612.1,8,198,36,,,,,,,9,201,198,,,,,,,8,39,199,,,,,,,,,,,,,,,
331,47904.8,8,198,36,,,,,,,8,201,199,,,,,,,9,39,199,,,,,,,,,,,,,,,
332,48027.6,8,198,36,,,,,,,8,201,198,,,,,,,9,39,199,,,,,,,,,,,,,,,
333,48240.6,8,198,36,,,,,,,8,201,199,,,,,,,8,39,199,,,,,,,,,,,,,,,
334,48319.6,8,198,36,,,,,,,8,201,199,,,,,,,8,39,199,,,,,,,,,,,,,,,
335,48572.4,8,198,36,,,,,,,9,200,198,,,,,,,9,38,199,,,,,,,,,,,,,,,
336,48736.8,8,198,36,,,,,,,8,201,199,,,,,,,8,39,199,,,,,,,,,,,,,,,
337,48783.6,8,198,36,,,,,,,9,201,199,,,,,,,9,39,199,,,,,,,,,,,,,,,
338,49028.8,8,198,36,,,,,,,9,201,199,,,,,,,8,39,199,,,,,,,,,,,,,,,
339,49155.6,8,198,36,,,,,,,9,200,199,,,,,,,9,38,199,,,,,,,,,,,,,,,
340,49235.6,8,198,36,,,,,,,9,201,199,,,,,,,8,39,199,,,,,,,,,,,,,,,
341,49403.9,8,198,36,,,,,,,9,201,199,,,,,,,9,39,199,,,,,,,,,,,,,,,
342,49528.1,8,198,36,,,,,,,9,201,198,,,,,,,9,39,199,,,,,,,,,,,,,,,
343,49572.7,8,198,36,,,,,,,9,201,198,,,,,,,9,39,199,,,,,,,,,,,,,,,
344,49655.4,8,198,36,,,,,,,9,201,199,,,,,,,9,38,199,,,,,,,,,,,,,,,
345,49735.6,8,198,36,,,,,,,9,201,199,,,,,,,9,39,199,,,,,,,,,,,,,,,
346,50072.6,8,198,36,,,,,,,8,201,199,,,,,,,9,39,199,,,,,,,,,,,,,,,
347,50112.7,8,198,36,,,,,,,9,201,199,,,,,,,9,39,199,,,,,,,,,,,,,,,
348,50320.6,8,198,36,,,,,,,9,202,199,,,,,,,9,39,199,,,,,,,,,,,,,,,
349,50403.5,8,199,36,,,,,,,9,201,198,,,,,,,9,39,199,,,,,,,,,,,,,,,
350,50487.5,8,199,36,,,,,,,9,201,199,,,,,,,9,39,200,,,,,,,,,,,,,,,
351,50652.2,8,199,36,,,,,,,9,201,199,,,,,,,9,39,199,,,,,,,,,,,,,,,
352,50703.4,8,198,36,,,,,,,9,201,198,,,,,,,9,39,199,,,,,,,,,,,,,,,
353,50735.9,8,199,36,,,,,,,9,202,198,,,,,,,9,39,199,,,,,,,,,,,,,,,
354,50819.6,8,199,36,,,,,,,9,201,199,,,,,,,9,39,199,,,,,,,,,,,,,,,
355,50903.9,8,199,36,,,,,,,9,201,199,,,,,,,9,39,199,,,,,,,,,,,,,,,
356,50987.6,8,199,36,,,,,,,9,201,198,,,,,,,9,38,199,,,,,,,,,,,,,,,
357,51028.1,8,199,36,,,,,,,8,201,199,,,,,,,9,38,199,,,,,,,,,,,,,,,
358,51071.9,8,198,36,,,,,,,8,201,199,,,,,,,9,38,199,,,,,,,,,,,,,,,
359,51404.6,8,199,36,,,,,,,9,201,199,,,,,,,9,39,199,,,,,,,,,,,,,,,
360,51572.6,8,199,36,,,,,,,9,201,199,,,,,,,9,39,199,,,,,,,,,,,,,,,
361,51780.4,8,199,36,,,,,,,9,201,198,,,,,,,9,39,199,,,,,,,,,,,,,,,
362,51823.4,8,199,36,,,,,,,9,201,198,,,,,,,9,39,199,,,,,,,,,,,,,,,
363,51943.6,8,199,36,,,,,,,9,201,198,,,,,,,9,39,199,,,,,,,,,,,,,,,
364,51988.2,8,199,36,,,,,,,9,201,199,,,,,,,8,39,198,,,,,,,,,,,,,,,
365,52028.0,8,199,36,,,,,,,9,201,198,,,,,,,9,39,199,,,,,,,,,,,,,,,
366,52236.3,8,199,36,,,,,,,9,201,198,,,,,,,8,39,199,,,,,,,,,,,,,,,
367,52488.7,8,199,36,,,,,,,9,201,199,,,,,,,9,39,199,,,,,,,,,,,,,,,
368,52652.9,8,199,36,,,,,,,9,201,198,,,,,,,9,39,199,,,,,,,,,,,,,,,
369,52820.8,8,199,36,,,,,,,9,201,199,,,,,,,9,38,199,,,,,,,,,,,,,,,
370,52860.6,8,199,36,,,,,,,9,201,199,,,,,,,9,38,199,,,,,,,,,,,,,,,
371,52943.5,8,199,36,,,,,,,9,201,198,,,,,,,9,38,199,,,,,,,,,,,,,,,
372,53152.9,8,199,36,,,,,,,9,201,199,,,,,,,9,39,199,,,,,,,,,,,,,,,
373,53235.6,8,199,36,,,,,,,9,202,199,,,,,,,9,39,199,,,,,,,,,,,,,,,
374,53360.2,8,199,36,,,,,,,9,201,198,,,,,,,9,39,199,,,,,,,,,,,,,,,
375,53820.5,8,199,36,,,,,,,9,201,199,,,,,,,9,39,199,,,,,,,,,,,,,,,
376,53988.5,8,199,36,,,,,,,9,201,198,,,,,,,9,39,199,,,,,,,,,,,,,,,
377,54067.6,8,199,36,,,,,,,9,201,198,,,,,,,9,39,199,,,,,,,,,,,,,,,
378,54111.6,8,199,36,,,,,,,9,201,199,,,,,,,9,39,199,,,,,,,,,,,,,,,
379,54276.7,8,199,36,,,,,,,9,201,199,,,,,,,9,39,199,,,,,,,,,,,,,,,
380,54403.5,8,199,36,,,,,,,9,202,199,,,,,,,8,39,199,,,,,,,,,,,,,,,
381,54527.8,8,199,36,,,,,,,9,201,198,,,,,,,8,39,199,,,,,,,,,,,,,,,
382,54568.2,8,199,36,,,,,,,9,201,199,,,,,,,9,39,199,,,,,,,,,,,,,,,
383,54651.6,8,199,36,,,,,,,9,202,199,,,,,,,9,39,199,,,,,,,,,,,,,,,
384,54775.8,8,199,36,,,,,,,9,202,199,,,,,,,9,39,199,,,,,,,,,,,,,,,
385,54944.5,8,199,36,,,,,,,9,202,199,,,,,,,9,39,199,,,,,,,,,,,,,,,
386,55067.6,8,199,36,,,,,,,9,201,199,,,,,,,9,39,199,,,,,,,,,,,,,,,
387,55151.7,8,199,36,,,,,,,9,202,199,,,,,,,8,39,199,,,,,,,,,,,,,,,
388,55195.4,8,199,36,,,,,,,9,202,199,,,,,,,9,39,199,,,,,,,,,,,,,,,
389,55235.6,8,199,36,,,,,,,9,202,199,,,,,,,8,39,199,,,,,,,,,,,,,,,
390,55319.8,8,199,36,,,,,,,9,202,198,,,,,,,8,39,199,,,,,,,,,,,,,,,
391,55360.3,8,199,36,,,,,,,9,201,199,,,,,,,8,39,199,,,,,,,,,,,,,,,
392,55443.6,8,199,36,,,,,,,9,201,198,,,,,,,8,39,199,,,,,,,,,,,,,,,
393,55569.0,8,199,36,,,,,,,9,201,198,,,,,,,8,39,199,,,,,,,,,,,,,,,
394,55736.9,8,199,36,,,,,,,9,201,198,,,,,,,8,39,199,,,,,,,,,,,,,,,
395,55776.1,8,199,36,,,,,,,9,202,199,,,,,,,8,39,199,,,,,,,,,,,,,,,
396,55819.9,8,199,36,,,,,,,9,202,199,,,,,,,9,39,199,,,,,,,,,,,,,,,
397,56028.6,8,199,37,,,,,,,9,202,199,,,,,,,9,39,199,,,,,,,,,,,,,,,
398,56360.6,8,199,36,,,,,,,9,202,199,,,,,,,9,39,199,,,,,,,,,,,,,,,
399,56612.7,8,199,36,,,,,,,9,202,198,,,,,,,9,39,199,,,,,,,,,,,,,,,
400,56900.3,8,199,36,,,,,,,9,202,199,,,,,,,9,39,199,,,,,,,,,,,,,,,
401,56983.6,8,199,36,,,,,,,9,201,199,,,,,,,9,39,199,,,,,,,,,,,,,,,
402,57068.0,8,199,36,,,,,,,9,202,199,,,,,,,9,39,199,,,,,,,,,,,,,,,
403,57276.9,8,199,36,,,,,,,9,201,199,,,,,,,9,39,199,,,,,,,,,,,,,,,
404,57359.5,8,199,36,,,,,,,9,201,199,,,,,,,9,39,199,,,,,,,,,,,,,,,
405,57652.7,8,199,36,,,,,,,9,201,198,,,,,,,8,39,199,,,,,,,,,,,,,,,
406,58028.5,8,199,36,,,,,,,9,202,199,,,,,,,9,39,199,,,,,,,,,,,,,,,
407,58070.2,8,199,36,,,,,,,9,201,198,,,,,,,9,40,199,,,,,,,,,,,,,,,
408,58151.6,8,199,37,,,,,,,9,201,198,,,,,,,8,39,199,,,,,,,,,,,,,,,
409,58276.7,8,199,36,,,,,,,9,202,199,,,,,,,9,39,199,,,,,,,,,,,,,,,
410,58316.4,8,200,37,,,,,,,9,202,200,,,,,,,8,39,199,,,,,,,,,,,,,,,
411,58359.7,8,199,37,,,,,,,9,200,199,,,,,,,9,38,199,,,,,,,,,,,,,,,
412,58692.7,8,199,36,,,,,,,9,201,199,,,,,,,8,39,199,,,,,,,,,,,,,,,
413,58775.6,8,199,36,,,,,,,9,201,199,,,,,,,9,39,199,,,,,,,,,,,,,,,
414,58816.1,8,199,36,,,,,,,9,201,199,,,,,,,9,39,199,,,,,,,,,,,,,,,
415,58944.5,8,199,36,,,,,,,9,201,198,,,,,,,9,39,198,,,,,,,,,,,,,,,
416,59236.6,8,199,36,,,,,,,9,202,199,,,,,,,9,39,199,,,,,,,,,,,,,,,
417,59359.5,8,199,36,,,,,,,9,202,199,,,,,,,9,40,200,,,,,,,,,,,,,,,
418,59484.0,8,199,37,,,,,,,9,202,199,,,,,,,8,40,199,,,,,,,,,,,,,,,
419,59652.6,8,199,36,,,,,,,9,202,199,,,,,,,8,39,199,,,,,,,,,,,,,,,
420,59735.6,8,200,36,,,,,,,9,203,199,,,,,,,9,40,199,,,,,,,,,,,,,,,
421,59815.5,8,199,36,,,,,,,9,202,199,,,,,,,9,39,199,,,,,,,,,,,,,,,
422,59859.6,8,199,36,,,,,,,9,202,199,,,,,,,9,39,199,,,,,,,,,,,,,,,
423,60025.0,8,199,36,,,,,,,9,202,199,,,,,,,8,40,199,,,,,,,,,,,,,,,
424,60232.9,8,199,36,,,,,,,9,202,199,,,,,,,9,39,199,,,,,,,,,,,,,,,
425,60276.6,8,199,36,,,,,,,9,201,199,,,,,,,8,40,199,,,,,,,,,,,,,,,
426,60316.0,8,199,36,,,,,,,9,202,199,,,,,,,8,40,199,,,,,,,,,,,,,,,
427,60443.9,8,199,36,,,,,,,8,201,199,,,,,,,,,,,,,,,,,,,,,,,,
428,60483.8,8,199,36,,,,,,,9,202,199,,,,,,,,,,,,,,,,,,,,,,,,
429,60608.6,8,199,36,,,,,,,9,202,199,,,,,,,,,,,,,,,,,,,,,,,,
430,60817.2,7,223,50,,,,,,,7,236,214,,,,,,,,,,,,,,,,,,,,,,,,
431,60861.1,7,234,56,,,,,,,8,250,219,,,,,,,,,,,,,,,,,,,,,,,,
432,60943.5,7,256,67,,,,,,,9,282,230,,,,,,,,,,,,,,,,,,,,,,,,
433,61024.1,7,276,78,,,,,,,8,311,239,,,,,,,6,151,268,,,,,,,,,,,,,,,
434,61233.0,7,326,105,,,,,,,8,383,261,,,,,,,6,231,312,,,,,,,,,,,,,,,
435,61359.8,8,355,121,,,,,,,8,424,272,,,,,,,6,277,335,,,,,,,,,,,,,,,
436,61399.9,7,364,126,,,,,,,8,438,275,,,,,,,6,293,343,,,,,,,,,,,,,,,
437,61568.8,8,403,148,,,,,,,8,491,288,,,,,,,6,355,371,,,,,,,,,,,,,,,
438,61816.9,7,458,181,,,,,,,8,567,305,,,,,,,6,449,410,,,,,,,,,,,,,,,
439,61859.8,8,467,187,,,,,,,8,580,307,,,,,,,6,464,416,,,,,,,,,,,,,,,
440,62023.8,8,505,211,,,,,,,9,629,318,,,,,,,5,526,439,,,,,,,,,,,,,,,
441,62316.7,7,572,257,,,,,,,9,714,337,,,,,,,5,636,476,,,,,,,,,,,,,,,
442,62360.0,7,582,264,,,,,,,8,726,340,,,,,,,6,650,481,,,,,,,,,,,,,,,
443,62567.9,7,632,300,,,,,,,9,785,355,,,,,,,,,,,,,,,,,,,,,,,,
444,62647.7,7,654,316,,,,,,,9,811,362,,,,,,,,,,,,,,,,,,,,,,,,
445,62941.0,7,732,375,,,,,,,8,896,391,,,,,,,,,,,,,,,,,,,,,,,,
446,63192.7,6,808,432,,,,,,,9,973,422,,,,,,,,,,,,,,,,,,,,,,,,
447,63356.9,8,818,445,,,,,,,9,984,441,,,,,,,7,988,603,,,,,,,,,,,,,,,
448,63403.4,8,815,450,,,,,,,9,980,442,,,,,,,6,987,604,,,,,,,,,,,,,,,
449,63479.8,8,810,461,,,,,,,9,974,447,,,,,,,6,988,608,,,,,,,,,,,,,,,
450,63523.6,8,808,467,,,,,,,9,972,449,,,,,,,6,989,609,,,,,,,,,,,,,,,
451,63647.8,8,802,483,,,,,,,9,965,458,,,,,,,6,990,618,,,,,,,,,,,,,,,
452,63772.1,8,796,498,,,,,,,9,958,468,,,,,,,5,989,627,,,,,,,,,,,,,,,
453,63816.7,8,795,504,,,,,,,9,957,472,,,,,,,,,,,,,,,,,,,,,,,,
454,64068.9,8,789,537,,,,,,,9,949,499,,,,,,,,,,,,,,,,,,,,,,,,
455,64357.0,8,787,577,,,,,,,9,947,536,,,,,,,,,,,,,,,,,,,,,,,,
456,64400.6,8,787,583,,,,,,,9,948,542,,,,,,,,,,,,,,,,,,,,,,,,
457,64608.7,7,790,613,,,,,,,8,950,575,,,,,,,,,,,,,,,,,,,,,,,,
458,65237.1,7,815,713,,,,,,,7,981,701,,,,,,,5,995,864,,,,,,,,,,,,,,,
459,65355.7,7,824,735,,,,,,,7,990,732,,,,,,,6,995,896,,,,,,,,,,,,,,,
460,65733.0,7,819,822,,,,,,,8,984,812,,,,,,,6,995,976,,,,,,,,,,,,,,,
461,65855.6,8,828,833,,,,,,,9,992,836,,,,,,,8,989,1000,,,,,,,,,,,,,,,
462,65896.1,8,828,831,,,,,,,9,993,832,,,,,,,7,994,994,,,,,,,,,,,,,,,
463,65979.7,8,829,826,,,,,,,9,994,829,,,,,,,7,992,991,,,,,,,,,,,,,,,
464,66063.7,8,827,821,,,,,,,9,993,827,,,,,,,7,987,990,,,,,,,,,,,,,,,
465,66609.4,8,828,819,,,,,,,9,993,837,,,,,,,8,975,1000,,,,,,,,,,,,,,,
466,66772.8,8,823,827,,,,,,,9,989,835,,,,,,,8,981,998,,,,,,,,,,,,,,,
467,66824.8,8,823,828,,,,,,,9,988,833,,,,,,,8,983,997,,,,,,,,,,,,,,,
468,66861.9,8,822,831,,,,,,,9,987,832,,,,,,,8,986,996,,,,,,,,,,,,,,,
469,66980.6,8,820,833,,,,,,,9,985,828,,,,,,,8,989,991,,,,,,,,,,,,,,,
470,67232.9,7,784,816,,,,,,,8,948,790,,,,,,,6,973,951,,,,,,,,,,,,,,,
471,67356.1,6,741,826,,,,,,,,,,,,,,,,5,950,928,,,,,,,,,,,,,,,
472,67439.6,7,716,839,,,,,,,7,863,766,,,,,,,6,936,913,,,,,,,,,,,,,,,
473,67480.3,8,709,847,,,,,,,8,851,765,,,,,,,7,933,908,,,,,,,,,,,,,,,
474,67604.5,7,687,852,,,,,,,7,821,757,,,,,,,5,915,891,,,,,,,,,,,,,,,
475,67771.9,8,654,867,,,,,,,8,765,746,,,,,,,6,885,860,,,,,,,,,,,,,,,
476,67820.0,8,650,870,,,,,,,9,757,745,,,,,,,7,880,856,,,,,,,,,,,,,,,
477,67980.9,7,662,846,,,,,,,6,794,750,,,,,,,,,,,,,,,,,,,,,,,,
478,68107.5,7,689,816,,,,,,,6,847,769,,,,,,,,,,,,,,,,,,,,,,,,
479,68151.4,8,697,810,,,,,,,7,859,779,,,,,,,5,890,940,,,,,,,,,,,,,,,
480,68231.6,8,703,802,,,,,,,8,867,790,,,,,,,8,880,953,,,,,,,,,,,,,,,
481,68271.9,8,698,802,,,,,,,8,863,786,,,,,,,6,880,949,,,,,,,,,,,,,,,
482,68312.5,7,687,803,,,,,,,,,,,,,,,,,,,,,,,,,,,,,,,,,
483,68395.6,6,656,813,,,,,,,,,,,,,,,,,,,,,,,,,,,,,,,,,
484,68480.1,7,648,833,,,,,,,,,,,,,,,,,,,,,,,,,,,,,,,,,
486,68647.7,,,,,,,,,,8,648,700,,,,,,,,,,,,,,,,,,,,,,,,
487,68688.0,,,,,,,,,,8,648,713,,,,,,,,,,,,,,,,,,,,,,,,
491,69231.6,5,721,365,,,,,,,,,,,,,,,,,,,,,,,,,,,,,,,,,
492,69315.5,7,686,377,,,,,,,,,,,,,,,,,,,,,,,,,,,,,,,,,
493,69395.7,6,685,404,,,,,,,,,,,,,,,,,,,,,,,,,,,,,,,,,
494,69524.2,,,,,,,,,,8,714,271,,,,,,,,,,,,,,,,,,,,,,,,
495,69813.0,,,,,,,,,,,,,,,,,,,6,730,189,,,,,,,,,,,,,,,
498,70104.9,5,963,87,,,,,,,8,960,251,,,,,,,8,798,246,,,,,,,,,,,,,,,
499,70148.0,5,976,104,,,,,,,8,961,268,,,,,,,8,800,250,,,,,,,,,,,,,,,
500,70189.9,8,986,120,,,,,,,9,963,281,,,,,,,7,803,256,,,,,,,,,,,,,,,
501,70231.9,8,982,122,,,,,,,9,967,284,,,,,,,6,805,269,,,,,,,,,,,,,,,
502,70271.8,8,975,123,,,,,,,9,972,286,,,,,,,6,811,284,,,,,,,,,,,,,,,
503,70396.0,8,954,133,,,,,,,9,987,292,,,,,,,6,827,324,,,,,,,,,,,,,,,
504,70479.7,8,937,142,,,,,,,9,985,298,,,,,,,7,829,345,,,,,,,,,,,,,,,
505,70520.0,8,928,147,,,,,,,9,982,300,,,,,,,7,828,354,,,,,,,,,,,,,,,
506,70812.9,7,864,190,,,,,,,9,960,321,,,,,,,7,828,417,,,,,,,,,,,,,,,
507,70895.6,7,846,204,,,,,,,9,953,327,,,,,,,7,830,433,,,,,,,,,,,,,,,
508,71020.2,7,820,230,,,,,,,9,943,339,,,,,,,7,833,459,,,,,,,,,,,,,,,
509,71232.7,7,780,277,,,,,,,10,922,357,,,,,,,7,841,497,,,,,,,,,,,,,,,
510,71311.8,7,766,298,,,,,,,9,915,367,,,,,,,7,845,513,,,,,,,,,,,,,,,
511,71356.5,7,759,310,,,,,,,9,911,372,,,,,,,7,847,521,,,,,,,,,,,,,,,
512,72153.0,6,678,564,,,,,,,8,829,503,,,,,,,,,,,,,,,,,,,,,,,,
513,72227.7,6,676,598,,,,,,,8,822,524,,,,,,,,,,,,,,,,,,,,,,,,
514,72440.0,6,678,681,,,,,,,8,805,580,,,,,,,,,,,,,,,,,,,,,,,,
515,72481.0,5,680,699,,,,,,,7,802,592,,,,,,,,,,,,,,,,,,,,,,,,
516,72521.2,5,681,716,,,,,,,7,800,604,,,,,,,,,,,,,,,,,,,,,,,,
517,72644.3,5,689,772,,,,,,,7,792,645,,,,,,,,,,,,,,,,,,,,,,,,
518,72896.6,5,715,888,,,,,,,7,786,738,,,,,,,,,,,,,,,,,,,,,,,,
519,73148.7,7,754,975,,,,,,,9,756,807,,,,,,,5,919,815,,,,,,,,,,,,,,,
520,73521.4,8,794,981,,,,,,,9,727,827,,,,,,,5,877,765,,,,,,,,,,,,,,,
521,73687.7,8,802,969,,,,,,,9,727,819,,,,,,,5,872,748,,,,,,,,,,,,,,,
522,73771.6,8,808,966,,,,,,,9,728,818,,,,,,,5,871,744,,,,,,,,,,,,,,,
523,73855.5,8,813,963,,,,,,,9,730,818,,,,,,,5,871,739,,,,,,,,,,,,,,,
524,74064.9,8,827,958,,,,,,,8,737,815,,,,,,,,,,,,,,,,,,,,,,,,
525,74312.9,8,829,949,,,,,,,9,749,802,,,,,,,5,892,727,,,,,,,,,,,,,,,
526,74361.2,8,830,948,,,,,,,9,751,800,,,,,,,,,,,,,,,,,,,,,,,,
527,74398.1,8,831,949,,,,,,,9,754,799,,,,,,,,,,,,,,,,,,,,,,,,
528,74520.4,8,835,949,,,,,,,9,765,797,,,,,,,,,,,,,,,,,,,,,,,,
529,74643.9,8,838,949,,,,,,,9,773,795,,,,,,,,,,,,,,,,,,,,,,,,
530,74768.5,8,831,950,,,,,,,9,777,791,,,,,,,,,,,,,,,,,,,,,,,,
531,74812.0,8,830,948,,,,,,,8,777,790,,,,,,,,,,,,,,,,,,,,,,,,
532,74895.8,8,831,938,,,,,,,8,764,785,,,,,,,,,,,,,,,,,,,,,,,,
533,75312.9,7,834,853,,,,,,,8,693,765,,,,,,,,,,,,,,,,,,,,,,,,
534,75395.8,7,837,833,,,,,,,9,686,764,,,,,,,,,,,,,,,,,,,,,,,,
535,75604.7,7,843,780,,,,,,,9,680,759,,,,,,,6,701,599,,,,,,,,,,,,,,,
536,75687.6,7,845,758,,,,,,,8,681,757,,,,,,,6,682,596,,,,,,,,,,,,,,,
537,75852.0,6,848,711,,,,,,,9,689,749,,,,,,,7,651,592,,,,,,,,,,,,,,,
538,76104.7,6,846,642,,,,,,,8,711,733,,,,,,,8,621,599,,,,,,,,,,,,,,,
539,76151.4,6,845,630,,,,,,,8,716,729,,,,,,,7,618,601,,,,,,,,,,,,,,,
540,76272.5,7,840,596,,,,,,,9,731,717,,,,,,,7,611,608,,,,,,,,,,,,,,,
541,76436.2,7,829,553,,,,,,,8,753,696,,,,,,,7,611,619,,,,,,,,,,,,,,,
542,76519.7,7,823,532,,,,,,,8,765,684,,,,,,,7,615,624,,,,,,,,,,,,,,,
543,76768.9,8,799,480,,,,,,,8,798,641,,,,,,,7,637,638,,,,,,,,,,,,,,,
544,76813.4,7,794,472,,,,,,,8,803,634,,,,,,,7,642,640,,,,,,,,,,,,,,,
545,76853.6,8,790,466,,,,,,,8,808,626,,,,,,,7,648,642,,,,,,,,,,,,,,,
546,76976.2,8,775,447,,,,,,,8,822,602,,,,,,,6,667,647,,,,,,,,,,,,,,,
547,77268.9,8,739,421,,,,,,,9,846,544,,,,,,,6,723,647,,,,,,,,,,,,,,,
548,77604.8,8,706,422,,,,,,,8,858,482,,,,,,,,,,,,,,,,,,,,,,,,
549,77768.9,8,696,434,,,,,,,9,859,457,,,,,,,5,836,615,,,,,,,,,,,,,,,
550,77937.0,8,694,453,,,,,,,9,857,438,,,,,,,6,872,598,,,,,,,,,,,,,,,
551,78269.0,8,712,508,,,,,,,9,850,422,,,,,,,6,938,557,,,,,,,,,,,,,,,
552,78391.8,7,728,533,,,,,,,9,849,423,,,,,,,6,959,542,,,,,,,,,,,,,,,
553,78520.2,7,750,560,,,,,,,8,849,430,,,,,,,7,979,529,,,,,,,,,,,,,,,
554,78644.0,7,754,586,,,,,,,9,837,446,,,,,,,7,977,528,,,,,,,,,,,,,,,
555,78812.7,7,754,625,,,,,,,9,815,474,,,,,,,7,966,536,,,,,,,,,,,,,,,
556,78864.0,7,754,635,,,,,,,8,810,482,,,,,,,7,963,538,,,,,,,,,,,,,,,
557,79104.8,7,766,695,,,,,,,8,788,533,,,,,,,6,950,558,,,,,,,,,,,,,,,
558,79227.6,7,776,726,,,,,,,9,781,562,,,,,,,6,945,571,,,,,,,,,,,,,,,
559,79311.6,7,784,747,,,,,,,8,778,584,,,,,,,6,942,581,,,,,,,,,,,,,,,
560,79728.9,8,833,857,,,,,,,8,776,700,,,,,,,,,,,,,,,,,,,,,,,,
561,80017.0,8,823,922,,,,,,,8,756,768,,,,,,,,,,,,,,,,,,,,,,,,
562,80060.8,8,822,932,,,,,,,9,755,778,,,,,,,,,,,,,,,,,,,,,,,,
563,80100.3,8,822,942,,,,,,,8,753,788,,,,,,,,,,,,,,,,,,,,,,,,
564,80269.0,7,822,985,,,,,,,8,748,834,,,,,,,,,,,,,,,,,,,,,,,,
565,80436.6,8,818,986,,,,,,,8,757,829,,,,,,,5,908,773,,,,,,,,,,,,,,,
566,80515.9,8,816,976,,,,,,,9,765,817,,,,,,,5,921,770,,,,,,,,,,,,,,,
567,80725.1,8,815,955,,,,,,,8,792,790,,,,,,,,,,,,,,,,,,,,,,,,
568,80775.4,8,816,951,,,,,,,9,800,785,,,,,,,5,963,774,,,,,,,,,,,,,,,
569,80891.9,8,820,940,,,,,,,8,821,774,,,,,,,,,,,,,,,,,,,,,,,,
570,80975.8,8,823,940,,,,,,,9,825,773,,,,,,,6,991,781,,,,,,,,,,,,,,,
571,81015.9,8,826,942,,,,,,,9,823,775,,,,,,,6,987,778,,,,,,,,,,,,,,,
572,81185.0,8,829,950,,,,,,,9,817,784,,,,,,,5,981,776,,,,,,,,,,,,,,,
573,81308.3,8,827,955,,,,,,,9,816,789,,,,,,,6,979,783,,,,,,,,,,,,,,,
574,81352.2,8,826,957,,,,,,,9,816,790,,,,,,,6,979,785,,,,,,,,,,,,,,,
575,81517.2,8,825,968,,,,,,,9,817,801,,,,,,,6,980,797,,,,,,,,,,,,,,,
576,81769.2,8,830,990,,,,,,,9,825,823,,,,,,,6,989,822,,,,,,,,,,,,,,,
577,81891.8,8,831,1004,,,,,,,9,829,836,,,,,,,7,994,839,,,,,,,,,,,,,,,
578,82060.9,8,832,1001,,,,,,,9,829,834,,,,,,,7,992,835,,,,,,,,,,,,,,,
579,82103.9,8,833,1001,,,,,,,9,828,834,,,,,,,7,992,834,,,,,,,,,,,,,,,
580,82145.3,8,833,1001,,,,,,,9,828,834,,,,,,,7,992,834,,,,,,,,,,,,,,,
581,82309.0,8,832,1001,,,,,,,9,828,835,,,,,,,7,993,836,,,,,,,,,,,,,,,
582,82476.9,8,833,1005,,,,,,,9,829,838,,,,,,,7,994,839,,,,,,,,,,,,,,,
583,82517.1,8,832,1005,,,,,,,9,829,837,,,,,,,7,993,839,,,,,,,,,,,,,,,
584,82599.8,8,833,1004,,,,,,,9,829,836,,,,,,,7,992,837,,,,,,,,,,,,,,,
585,82893.0,8,833,1005,,,,,,,9,829,838,,,,,,,7,994,840,,,,,,,,,,,,,,,
586,83144.7,8,833,1004,,,,,,,9,829,837,,,,,,,7,993,838,,,,,,,,,,,,,,,
587,83352.8,8,832,1004,,,,,,,9,829,838,,,,,,,7,993,839,,,,,,,,,,,,,,,
588,83393.2,8,832,1005,,,,,,,9,829,837,,,,,,,7,993,839,,,,,,,,,,,,,,,
589,83475.7,8,832,1005,,,,,,,9,829,838,,,,,,,7,993,840,,,,,,,,,,,,,,,
590,83515.9,8,832,1005,,,,,,,9,829,837,,,,,,,7,993,839,,,,,,,,,,,,,,,
591,83725.0,8,833,1004,,,,,,,9,829,837,,,,,,,7,993,838,,,,,,,,,,,,,,,
592,84144.9,8,833,1004,,,,,,,8,829,837,,,,,,,7,993,838,,,,,,,,,,,,,,,
593,84268.1,8,832,1004,,,,,,,9,828,836,,,,,,,7,993,838,,,,,,,,,,,,,,,
594,84601.2,8,833,1004,,,,,,,9,829,837,,,,,,,7,993,838,,,,,,,,,,,,,,,
595,84808.1,8,831,1004,,,,,,,9,829,837,,,,,,,7,993,839,,,,,,,,,,,,,,,
596,85017.1,8,833,1005,,,,,,,9,829,838,,,,,,,7,993,838,,,,,,,,,,,,,,,
597,85140.2,8,832,1004,,,,,,,9,829,836,,,,,,,7,993,838,,,,,,,,,,,,,,,
598,85184.0,8,832,1004,,,,,,,9,829,836,,,,,,,7,994,839,,,,,,,,,,,,,,,
599,85349.1,8,832,1005,,,,,,,9,828,837,,,,,,,7,993,839,,,,,,,,,,,,,,,
600,85392.5,8,833,1005,,,,,,,9,828,837,,,,,,,7,993,838,,,,,,,,,,,,,,,
601,85516.8,8,833,1004,,,,,,,9,829,836,,,,,,,7,993,838,,,,,,,,,,,,,,,
602,85599.8,8,832,1004,,,,,,,9,829,837,,,,,,,7,993,839,,,,,,,,,,,,,,,
603,85852.1,8,832,1004,,,,,,,9,829,837,,,,,,,7,993,838,,,,,,,,,,,,,,,
604,85931.9,8,833,1004,,,,,,,9,828,837,,,,,,,7,993,838,,,,,,,,,,,,,,,
605,85975.7,8,833,1004,,,,,,,9,829,837,,,,,,,7,993,838,,,,,,,,,,,,,,,
606,86059.9,8,833,1004,,,,,,,9,828,837,,,,,,,7,993,838,,,,,,,,,,,,,,,
607,86100.3,8,832,1004,,,,,,,9,829,836,,,,,,,7,993,838,,,,,,,,,,,,,,,
608,86140.4,8,832,1005,,,,,,,9,829,838,,,,,,,7,993,839,,,,,,,,,,,,,,,
609,86769.6,8,832,1005,,,,,,,9,829,838,,,,,,,7,993,840,,,,,,,,,,,,,,,
610,86810.2,8,832,1005,,,,,,,9,829,838,,,,,,,7,993,840,,,,,,,,,,,,,,,
611,87057.1,8,833,1004,,,,,,,9,829,836,,,,,,,7,993,838,,,,,,,,,,,,,,,
612,87139.8,8,832,1005,,,,,,,9,829,837,,,,,,,7,993,839,,,,,,,,,,,,,,,
613,87183.8,8,832,1005,,,,,,,9,829,837,,,,,,,7,993,840,,,,,,,,,,,,,,,
614,87224.1,8,832,1005,,,,,,,9,829,838,,,,,,,7,993,840,,,,,,,,,,,,,,,
615,87307.9,8,832,1005,,,,,,,9,829,837,,,,,,,7,993,839,,,,,,,,,,,,,,,
616,87348.4,8,833,1005,,,,,,,9,829,836,,,,,,,7,993,839,,,,,,,,,,,,,,,
617,87600.9,8,832,1004,,,,,,,9,829,837,,,,,,,7,993,838,,,,,,,,,,,,,,,
618,87640.9,8,832,1004,,,,,,,9,829,837,,,,,,,7,993,839,,,,,,,,,,,,,,,
619,87723.7,8,832,1005,,,,,,,9,829,838,,,,,,,7,993,840,,,,,,,,,,,,,,,
620,87848.0,8,832,1004,,,,,,,9,829,837,,,,,,,7,993,838,,,,,,,,,,,,,,,
621,87972.3,8,833,1004,,,,,,,9,828,837,,,,,,,7,993,838,,,,,,,,,,,,,,,
622,88225.0,8,832,1005,,,,,,,9,828,837,,,,,,,7,994,840,,,,,,,,,,,,,,,
623,88347.8,8,833,1005,,,,,,,9,829,837,,,,,,,7,993,839,,,,,,,,,,,,,,,
624,88641.1,8,832,1005,,,,,,,9,829,836,,,,,,,7,993,839,,,,,,,,,,,,,,,
625,88683.4,8,832,1005,,,,,,,9,829,838,,,,,,,7,993,840,,,,,,,,,,,,,,,
626,88889.1,8,833,1004,,,,,,,9,829,837,,,,,,,7,994,838,,,,,,,,,,,,,,,
627,88932.6,8,833,1005,,,,,,,9,829,837,,,,,,,7,993,838,,,,,,,,,,,,,,,
628,88987.2,8,833,1005,,,,,,,9,829,837,,,,,,,7,993,838,,,,,,,,,,,,,,,
629,89016.1,8,832,1004,,,,,,,9,828,837,,,,,,,7,993,838,,,,,,,,,,,,,,,
630,89057.6,8,832,1004,,,,,,,9,829,836,,,,,,,7,993,839,,,,,,,,,,,,,,,
631,89308.8,8,833,1005,,,,,,,9,829,837,,,,,,,7,993,838,,,,,,,,,,,,,,,
632,89431.9,8,832,1004,,,,,,,9,829,836,,,,,,,7,993,838,,,,,,,,,,,,,,,
633,89515.7,8,831,1004,,,,,,,9,829,836,,,,,,,7,993,839,,,,,,,,,,,,,,,
634,89556.2,8,831,1004,,,,,,,9,829,837,,,,,,,7,993,840,,,,,,,,,,,,,,,
635,89596.2,8,832,1005,,,,,,,9,829,837,,,,,,,7,993,840,,,,,,,,,,,,,,,
636,89640.2,8,832,1005,,,,,,,9,829,838,,,,,,,7,993,839,,,,,,,,,,,,,,,
637,89723.7,8,833,1004,,,,,,,9,829,836,,,,,,,7,993,838,,,,,,,,,,,,,,,
638,89763.9,8,833,1004,,,,,,,9,829,836,,,,,,,7,993,838,,,,,,,,,,,,,,,
639,89847.7,8,832,1004,,,,,,,9,829,837,,,,,,,7,993,838,,,,,,,,,,,,,,,
640,89888.0,8,832,1004,,,,,,,9,829,837,,,,,,,7,993,839,,,,,,,,,,,,,,,
641,89971.8,8,832,1005,,,,,,,9,829,837,,,,,,,7,993,839,,,,,,,,,,,,,,,
642,90265.0,8,832,1004,,,,,,,9,828,837,,,,,,,7,993,838,,,,,,,,,,,,,,,
643,90897.1,8,832,1005,,,,,,,9,829,837,,,,,,,7,993,839,,,,,,,,,,,,,,,
644,91309.0,8,832,1005,,,,,,,9,829,837,,,,,,,7,993,839,,,,,,,,,,,,,,,
645,91349.1,8,833,1005,,,,,,,9,829,837,,,,,,,7,993,839,,,,,,,,,,,,,,,
646,91471.9,8,833,1004,,,,,,,9,828,837,,,,,,,7,993,838,,,,,,,,,,,,,,,
647,91765.0,8,832,1005,,,,,,,9,829,838,,,,,,,7,993,839,,,,,,,,,,,,,,,
648,91805.2,8,833,1005,,,,,,,9,829,837,,,,,,,7,993,839,,,,,,,,,,,,,,,
649,91887.8,8,833,1004,,,,,,,9,829,837,,,,,,,7,993,838,,,,,,,,,,,,,,,
650,91971.9,8,832,1004,,,,,,,9,829,836,,,,,,,7,993,838,,,,,,,,,,,,,,,
651,92012.1,8,831,1004,,,,,,,9,829,837,,,,,,,7,993,839,,,,,,,,,,,,,,,
652,92348.9,8,832,1004,,,,,,,9,828,837,,,,,,,7,993,838,,,,,,,,,,,,,,,
653,92557.0,8,833,1005,,,,,,,9,828,837,,,,,,,7,994,839,,,,,,,,,,,,,,,
654,92721.4,8,832,1004,,,,,,,9,829,837,,,,,,,7,993,838,,,,,,,,,,,,,,,
655,92889.0,8,832,1004,,,,,,,9,828,837,,,,,,,7,993,839,,,,,,,,,,,,,,,
656,93012.0,8,832,1005,,,,,,,9,829,838,,,,,,,7,993,839,,,,,,,,,,,,,,,
657,93140.1,8,833,1004,,,,,,,9,829,837,,,,,,,7,993,838,,,,,,,,,,,,,,,
658,93180.4,8,833,1004,,,,,,,9,829,836,,,,,,,7,993,837,,,,,,,,,,,,,,,
659,93263.8,8,832,1004,,,,,,,9,829,836,,,,,,,7,993,838,,,,,,,,,,,,,,,
660,93557.1,8,833,1004,,,,,,,9,829,838,,,,,,,7,993,838,,,,,,,,,,,,,,,
661,93598.8,8,833,1004,,,,,,,9,829,837,,,,,,,7,993,838,,,,,,,,,,,,,,,
662,93679.8,8,832,1004,,,,,,,9,829,837,,,,,,,7,993,839,,,,,,,,,,,,,,,
663,93723.7,8,832,1004,,,,,,,10,829,837,,,,,,,7,993,839,,,,,,,,,,,,,,,
664,93803.9,8,832,1004,,,,,,,9,830,837,,,,,,,7,993,839,,,,,,,,,,,,,,,
665,93973.0,8,833,1004,,,,,,,9,829,837,,,,,,,7,993,838,,,,,,,,,,,,,,,
666,94016.8,8,833,1004,,,,,,,9,829,836,,,,,,,7,993,838,,,,,,,,,,,,,,,
667,94140.1,8,832,1004,,,,,,,9,828,837,,,,,,,7,993,839,,,,,,,,,,,,,,,
668,94557.0,8,832,1004,,,,,,,9,829,836,,,,,,,7,992,839,,,,,,,,,,,,,,,
669,94636.0,8,831,1005,,,,,,,9,828,837,,,,,,,7,993,839,,,,,,,,,,,,,,,
670,94764.6,8,833,1004,,,,,,,9,829,837,,,,,,,7,993,838,,,,,,,,,,,,,,,
671,94973.0,8,832,1004,,,,,,,9,829,836,,,,,,,7,993,839,,,,,,,,,,,,,,,
672,95014.8,8,831,1004,,,,,,,9,829,837,,,,,,,7,994,839,,,,,,,,,,,,,,,
673,95059.9,8,832,1005,,,,,,,9,829,837,,,,,,,7,994,839,,,,,,,,,,,,,,,
674,95345.4,8,832,1004,,,,,,,9,829,836,,,,,,,7,993,838,,,,,,,,,,,,,,,
675,95428.1,8,832,1005,,,,,,,9,829,837,,,,,,,7,994,839,,,,,,,,,,,,,,,
676,96061.2,8,832,1005,,,,,,,9,828,838,,,,,,,7,993,839,,,,,,,,,,,,,,,
677,96097.7,8,833,1005,,,,,,,9,828,837,,,,,,,7,992,839,,,,,,,,,,,,,,,
678,96141.7,8,832,1004,,,,,,,9,829,837,,,,,,,7,993,838,,,,,,,,,,,,,,,
679,96304.3,8,832,1004,,,,,,,9,829,836,,,,,,,7,994,839,,,,,,,,,,,,,,,
680,96428.0,8,832,1005,,,,,,,9,829,838,,,,,,,7,993,839,,,,,,,,,,,,,,,
681,96641.0,8,832,1004,,,,,,,9,829,837,,,,,,,7,993,839,,,,,,,,,,,,,,,
682,96848.9,8,833,1005,,,,,,,9,829,837,,,,,,,7,994,838,,,,,,,,,,,,,,,
683,96928.0,8,833,1005,,,,,,,9,829,837,,,,,,,7,994,839,,,,,,,,,,,,,,,
684,97012.0,8,832,1005,,,,,,,9,828,838,,,,,,,7,994,839,,,,,,,,,,,,,,,
685,97052.2,8,832,1005,,,,,,,9,828,837,,,,,,,7,994,839,,,,,,,,,,,,,,,
686,97135.9,8,832,1005,,,,,,,9,828,837,,,,,,,7,993,839,,,,,,,,,,,,,,,
687,97305.1,8,832,1004,,,,,,,9,829,837,,,,,,,7,993,838,,,,,,,,,,,,,,,
688,97345.3,8,833,1004,,,,,,,9,829,837,,,,,,,7,993,839,,,,,,,,,,,,,,,
689,97596.1,8,832,1004,,,,,,,9,829,837,,,,,,,7,993,839,,,,,,,,,,,,,,,
690,97845.5,8,832,1004,,,,,,,9,829,836,,,,,,,7,993,838,,,,,,,,,,,,,,,
691,98053.2,8,833,1004,,,,,,,9,828,837,,,,,,,7,993,839,,,,,,,,,,,,,,,
692,98097.4,8,832,1004,,,,,,,9,829,836,,,,,,,7,993,839,,,,,,,,,,,,,,,
693,98136.2,8,832,1005,,,,,,,9,828,837,,,,,,,7,994,839,,,,,,,,,,,,,,,
694,98180.1,8,832,1004,,,,,,,9,829,837,,,,,,,7,993,839,,,,,,,,,,,,,,,
695,98220.2,8,832,1005,,,,,,,9,829,837,,,,,,,7,993,839,,,,,,,,,,,,,,,
696,98725.6,8,832,1004,,,,,,,9,829,837,,,,,,,7,993,839,,,,,,,,,,,,,,,
697,98844.0,8,832,1004,,,,,,,9,829,837,,,,,,,7,993,839,,,,,,,,,,,,,,,
698,99137.1,8,832,1005,,,,,,,9,829,837,,,,,,,7,994,839,,,,,,,,,,,,,,,
699,99429.1,8,832,1005,,,,,,,9,829,838,,,,,,,7,993,839,,,,,,,,,,,,,,,
700,99511.9,8,832,1004,,,,,,,9,829,837,,,,,,,7,993,839,,,,,,,,,,,,,,,
701,99761.3,8,832,1004,,,,,,,9,828,837,,,,,,,7,993,839,,,,,,,,,,,,,,,
702,99804.8,8,832,1004,,,,,,,9,828,837,,,,,,,7,993,838,,,,,,,,,,,,,,,
703,99928.4,8,832,1005,,,,,,,9,829,837,,,,,,,7,994,839,,,,,,,,,,,,,,,
704,99968.7,8,832,1005,,,,,,,9,829,838,,,,,,,7,993,839,,,,,,,,,,,,,,,
705,100345.2,8,832,1004,,,,,,,9,829,837,,,,,,,7,993,839,,,,,,,,,,,,,,,
706,100595.8,8,832,1005,,,,,,,9,828,837,,,,,,,7,994,839,,,,,,,,,,,,,,,
707,100637.1,8,832,1005,,,,,,,9,829,837,,,,,,,7,993,839,,,,,,,,,,,,,,,
708,100885.3,8,832,1005,,,,,,,9,829,837,,,,,,,7,993,839,,,,,,,,,,,,,,,
709,100931.4,8,832,1004,,,,,,,9,828,837,,,,,,,7,993,839,,,,,,,,,,,,,,,
710,101011.9,8,832,1005,,,,,,,9,829,837,,,,,,,7,993,839,,,,,,,,,,,,,,,
711,101052.1,8,832,1004,,,,,,,9,829,837,,,,,,,7,993,839,,,,,,,,,,,,,,,
712,101092.2,8,832,1004,,,,,,,9,829,837,,,,,,,7,993,839,,,,,,,,,,,,,,,
713,101220.0,8,833,1005,,,,,,,9,829,837,,,,,,,7,993,839,,,,,,,,,,,,,,,
714,101266.8,8,832,1004,,,,,,,9,828,837,,,,,,,7,993,839,,,,,,,,,,,,,,,
715,101761.2,8,832,1005,,,,,,,9,829,836,,,,,,,7,993,839,,,,,,,,,,,,,,,
716,101843.9,8,832,1005,,,,,,,9,829,837,,,,,,,7,993,839,,,,,,,,,,,,,,,
717,102220.9,8,832,1005,,,,,,,9,829,837,,,,,,,7,993,839,,,,,,,,,,,,,,,
718,102267.4,8,832,1004,,,,,,,9,829,836,,,,,,,7,993,838,,,,,,,,,,,,,,,
719,102677.2,8,832,1004,,,,,,,9,829,837,,,,,,,7,993,839,,,,,,,,,,,,,,,
720,102800.1,8,832,1005,,,,,,,9,829,837,,,,,,,7,993,839,,,,,,,,,,,,,,,
721,102884.0,8,833,1005,,,,,,,9,829,837,,,,,,,7,993,839,,,,,,,,,,,,,,,
722,103053.0,8,832,1004,,,,,,,9,829,837,,,,,,,7,993,839,,,,,,,,,,,,,,,
723,103135.8,8,832,1004,,,,,,,9,828,837,,,,,,,7,994,839,,,,,,,,,,,,,,,
724,103219.8,8,832,1004,,,,,,,9,829,837,,,,,,,7,993,839,,,,,,,,,,,,,,,
725,103300.0,8,832,1004,,,,,,,9,829,837,,,,,,,7,993,839,,,,,,,,,,,,,,,
726,103428.3,8,832,1005,,,,,,,9,828,836,,,,,,,7,993,839,,,,,,,,,,,,,,,
727,103552.3,8,833,1005,,,,,,,9,829,837,,,,,,,7,993,839,,,,,,,,,,,,,,,
728,103635.8,8,832,1004,,,,,,,9,829,837,,,,,,,7,993,839,,,,,,,,,,,,,,,
729,103676.1,8,832,1004,,,,,,,9,829,836,,,,,,,7,993,839,,,,,,,,,,,,,,,
730,103884.8,8,832,1005,,,,,,,9,829,837,,,,,,,7,993,839,,,,,,,,,,,,,,,
731,103930.5,8,832,1005,,,,,,,9,828,837,,,,,,,7,993,839,,,,,,,,,,,,,,,
732,104217.3,8,832,1004,,,,,,,9,829,836,,,,,,,7,993,839,,,,,,,,,,,,,,,
733,104385.1,8,832,1004,,,,,,,9,829,837,,,,,,,7,993,839,,,,,,,,,,,,,,,
734,104553.2,8,832,1005,,,,,,,9,829,837,,,,,,,7,994,839,,,,,,,,,,,,,,,
735,104599.2,8,832,1004,,,,,,,9,829,837,,,,,,,7,993,839,,,,,,,,,,,,,,,
736,104925.3,8,832,1004,,,,,,,9,829,837,,,,,,,7,993,839,,,,,,,,,,,,,,,
737,105051.9,8,832,1004,,,,,,,9,829,837,,,,,,,7,993,839,,,,,,,,,,,,,,,
